<div class='center col-md-5 mx-auto'style='width: 125px; height: 125px; border: 0px solid;border-color: #595959;padding: 50px; margin: 0px; background-color: #4dc7e8'></div>
<div class='center col-md-5 mx-auto'style='width: 125px; height: 125px; border: 0px solid;border-color: #595959;padding: 50px; margin: 0px; background-color: #1c3c60'></div>
<div class='center col-md-5 mx-auto'style='width: 125px; height: 125px; border: 0px solid;border-color: #595959;padding: 50px; margin: 0px; background-color: #5d78a1'></div>
<div class='center col-md-5 mx-auto'style='width: 125px; height: 125px; border: 0px solid;border-color: #595959;padding: 50px; margin: 0px; background-color: #a0b9e6'></div>
<div class='center col-md-5 mx-auto'style='width: 125px; height: 125px; border: 0px solid;border-color: #595959;padding: 50px; margin: 0px; background-color: #502c5f'></div>
<div class='center col-md-5 mx-auto'style='width: 125px; height: 125px; border: 0px solid;border-color: #595959;padding: 50px; margin: 0px; background-color: #90689f'></div>
<div class='center col-md-5 mx-auto'style='width: 125px; height: 125px; border: 0px solid;border-color: #595959;padding: 50px; margin: 0px; background-color: #d4a9e4'></div>
<div class='center col-md-5 mx-auto'style='width: 125px; height: 125px; border: 0px solid;border-color: #595959;padding: 50px; margin: 0px; background-color: #72005d'></div>
<div class='center col-md-5 mx-auto'style='width: 125px; height: 125px; border: 0px solid;border-color: #595959;padding: 50px; margin: 0px; background-color: #b7509d'></div>
<div class='center col-md-5 mx-auto'style='width: 125px; height: 125px; border: 0px solid;border-color: #595959;padding: 50px; margin: 0px; background-color: #da1e9c'></div>
<div class='center col-md-5 mx-auto'style='width: 125px; height: 125px; border: 0px solid;border-color: #595959;padding: 50px; margin: 0px; background-color: #077acc'></div>
<div class='center col-md-5 mx-auto'style='width: 125px; height: 125px; border: 0px solid;border-color: #595959;padding: 50px; margin: 0px; background-color: #2d3086'></div>
<div class='center col-md-5 mx-auto'style='width: 125px; height: 125px; border: 0px solid;border-color: #595959;padding: 50px; margin: 0px; background-color: #746aca'></div>
<div class='center col-md-5 mx-auto'style='width: 125px; height: 125px; border: 0px solid;border-color: #595959;padding: 50px; margin: 0px; background-color: #600a84'></div>
<div class='center col-md-5 mx-auto'style='width: 125px; height: 125px; border: 0px solid;border-color: #595959;padding: 50px; margin: 0px; background-color: #a553c8'></div>
<div class='center col-md-5 mx-auto'style='width: 125px; height: 125px; border: 0px solid;border-color: #595959;padding: 50px; margin: 0px; background-color: #cc25c6'></div>
<div class='center col-md-5 mx-auto'style='width: 125px; height: 125px; border: 0px solid;border-color: #595959;padding: 50px; margin: 0px; background-color: #2f6ef6'></div>
<div class='center col-md-5 mx-auto'style='width: 125px; height: 125px; border: 0px solid;border-color: #595959;padding: 50px; margin: 0px; background-color: #3517ac'></div>
<div class='center col-md-5 mx-auto'style='width: 125px; height: 125px; border: 0px solid;border-color: #595959;padding: 50px; margin: 0px; background-color: #8457f4'></div>
<div class='center col-md-5 mx-auto'style='width: 125px; height: 125px; border: 0px solid;border-color: #595959;padding: 50px; margin: 0px; background-color: #b62ef2'></div>
<div class='center col-md-5 mx-auto'style='width: 125px; height: 125px; border: 0px solid;border-color: #595959;padding: 50px; margin: 0px; background-color: #3b8278'></div>
<div class='center col-md-5 mx-auto'style='width: 125px; height: 125px; border: 0px solid;border-color: #595959;padding: 50px; margin: 0px; background-color: #7ec5ba'></div>
<div class='center col-md-5 mx-auto'style='width: 125px; height: 125px; border: 0px solid;border-color: #595959;padding: 50px; margin: 0px; background-color: #000000'></div>
<div class='center col-md-5 mx-auto'style='width: 125px; height: 125px; border: 0px solid;border-color: #595959;padding: 50px; margin: 0px; background-color: #3b3b3b'></div>
<div class='center col-md-5 mx-auto'style='width: 125px; height: 125px; border: 0px solid;border-color: #595959;padding: 50px; margin: 0px; background-color: #767676'></div>
<div class='center col-md-5 mx-auto'style='width: 125px; height: 125px; border: 0px solid;border-color: #595959;padding: 50px; margin: 0px; background-color: #b8b8b8'></div>
<div class='center col-md-5 mx-auto'style='width: 125px; height: 125px; border: 0px solid;border-color: #595959;padding: 50px; margin: 0px; background-color: #ffffff'></div>
<div class='center col-md-5 mx-auto'style='width: 125px; height: 125px; border: 0px solid;border-color: #595959;padding: 50px; margin: 0px; background-color: #5d2b3a'></div>
<div class='center col-md-5 mx-auto'style='width: 125px; height: 125px; border: 0px solid;border-color: #595959;padding: 50px; margin: 0px; background-color: #9f6675'></div>
<div class='center col-md-5 mx-auto'style='width: 125px; height: 125px; border: 0px solid;border-color: #595959;padding: 50px; margin: 0px; background-color: #e6a8b7'></div>
<div class='center col-md-5 mx-auto'style='width: 125px; height: 125px; border: 0px solid;border-color: #595959;padding: 50px; margin: 0px; background-color: #c24e74'></div>
<div class='center col-md-5 mx-auto'style='width: 125px; height: 125px; border: 0px solid;border-color: #595959;padding: 50px; margin: 0px; background-color: #e31a73'></div>
<div class='center col-md-5 mx-auto'style='width: 125px; height: 125px; border: 0px solid;border-color: #595959;padding: 50px; margin: 0px; background-color: #174414'></div>
<div class='center col-md-5 mx-auto'style='width: 125px; height: 125px; border: 0px solid;border-color: #595959;padding: 50px; margin: 0px; background-color: #55814d'></div>
<div class='center col-md-5 mx-auto'style='width: 125px; height: 125px; border: 0px solid;border-color: #595959;padding: 50px; margin: 0px; background-color: #96c48c'></div>
<div class='center col-md-5 mx-auto'style='width: 125px; height: 125px; border: 0px solid;border-color: #595959;padding: 50px; margin: 0px; background-color: #4acf8d'></div>
<div class='center col-md-5 mx-auto'style='width: 125px; height: 125px; border: 0px solid;border-color: #595959;padding: 50px; margin: 0px; background-color: #443a14'></div>
<div class='center col-md-5 mx-auto'style='width: 125px; height: 125px; border: 0px solid;border-color: #595959;padding: 50px; margin: 0px; background-color: #83764c'></div>
<div class='center col-md-5 mx-auto'style='width: 125px; height: 125px; border: 0px solid;border-color: #595959;padding: 50px; margin: 0px; background-color: #c7b78a'></div>
<div class='center col-md-5 mx-auto'style='width: 125px; height: 125px; border: 0px solid;border-color: #595959;padding: 50px; margin: 0px; background-color: #622a14'></div>
<div class='center col-md-5 mx-auto'style='width: 125px; height: 125px; border: 0px solid;border-color: #595959;padding: 50px; margin: 0px; background-color: #a8664b'></div>
<div class='center col-md-5 mx-auto'style='width: 125px; height: 125px; border: 0px solid;border-color: #595959;padding: 50px; margin: 0px; background-color: #f0a789'></div>
<div class='center col-md-5 mx-auto'style='width: 125px; height: 125px; border: 0px solid;border-color: #595959;padding: 50px; margin: 0px; background-color: #c94e4a'></div>
<div class='center col-md-5 mx-auto'style='width: 125px; height: 125px; border: 0px solid;border-color: #595959;padding: 50px; margin: 0px; background-color: #e71a4a'></div>
<div class='center col-md-5 mx-auto'style='width: 125px; height: 125px; border: 0px solid;border-color: #595959;padding: 50px; margin: 0px; background-color: #5f8118'></div>
<div class='center col-md-5 mx-auto'style='width: 125px; height: 125px; border: 0px solid;border-color: #595959;padding: 50px; margin: 0px; background-color: #a3c45b'></div>
<div class='center col-md-5 mx-auto'style='width: 125px; height: 125px; border: 0px solid;border-color: #595959;padding: 50px; margin: 0px; background-color: #0d8a19'></div>
<div class='center col-md-5 mx-auto'style='width: 125px; height: 125px; border: 0px solid;border-color: #595959;padding: 50px; margin: 0px; background-color: #66cf5c'></div>
<div class='center col-md-5 mx-auto'style='width: 125px; height: 125px; border: 0px solid;border-color: #595959;padding: 50px; margin: 0px; background-color: #897618'></div>
<div class='center col-md-5 mx-auto'style='width: 125px; height: 125px; border: 0px solid;border-color: #595959;padding: 50px; margin: 0px; background-color: #d0b75a'></div>
<div class='center col-md-5 mx-auto'style='width: 125px; height: 125px; border: 0px solid;border-color: #595959;padding: 50px; margin: 0px; background-color: #ab6619'></div>
<div class='center col-md-5 mx-auto'style='width: 125px; height: 125px; border: 0px solid;border-color: #595959;padding: 50px; margin: 0px; background-color: #f7a759'></div>
<div class='center col-md-5 mx-auto'style='width: 125px; height: 125px; border: 0px solid;border-color: #595959;padding: 50px; margin: 0px; background-color: #cb4e1a'></div>
<div class='center col-md-5 mx-auto'style='width: 125px; height: 125px; border: 0px solid;border-color: #595959;padding: 50px; margin: 0px; background-color: #e91c1d'></div>
<div class='center col-md-5 mx-auto'style='width: 125px; height: 125px; border: 0px solid;border-color: #595959;padding: 50px; margin: 0px; background-color: #a9c40f'></div>
<div class='center col-md-5 mx-auto'style='width: 125px; height: 125px; border: 0px solid;border-color: #595959;padding: 50px; margin: 0px; background-color: #73ce0f'></div>
<div class='center col-md-5 mx-auto'style='width: 125px; height: 125px; border: 0px solid;border-color: #595959;padding: 50px; margin: 0px; background-color: #d4b711'></div>
<div class='center col-md-5 mx-auto'style='width: 125px; height: 125px; border: 0px solid;border-color: #595959;padding: 50px; margin: 0px; background-color: #faa713'></div>